employee_code,first_name,last_name,email,gender,age,ip_address,location,job_title
0EWwT,Zared,Cuseick,zcuseick0@seattletimes.com,Male,34,63.52.73.54,Ireland,Administrative Officer
UZQso,Lynnell,Townes,ltownes1@statcounter.com,Female,40,38.27.168.242,Ireland,Data Analyst
A1xvL,Drusy,Juett,djuett2@nba.com,Female,40,55.60.77.180,Ireland,Administrative Officer
4iWko,Lulita,Goward,lgoward3@wikispaces.com,Female,57,139.248.39.236,Ireland,Support Technician
buAWp,Burgess,Hugonet,bhugonet4@purevolume.com,Male,34,70.221.62.120,Australia,Administrative Officer
PXjwE,Korie,Steward,ksteward5@cnet.com,Female,24,131.220.62.207,France,Administrative Officer
xc4aS,Riccardo,Vogelein,rvogelein6@telegraph.co.uk,Male,38,2.250.145.105,Australia,Administrative Officer
8z8ZJ,Tiebout,Gagan,tgagan7@tuttocitta.it,Male,46,155.41.45.153,Ireland,Data Analyst
TAi7r,Rhona,Earry,rearry8@free.fr,Female,39,249.198.29.153,Ireland,Administrative Officer
jkBq3,Filberto,Shatliffe,fshatliffe9@yellowpages.com,Male,60,92.102.205.192,Ireland,Software Engineer
bHlDL,Rosa,Rosendahl,rrosendahla@hud.gov,Female,20,31.60.46.223,Australia,Administrative Officer
LD51P,Brockie,Barnett,bbarnettb@nbcnews.com,Male,20,252.186.206.254,Ireland,Administrative Officer
kH31E,Gregorio,Buddington,gbuddingtonc@harvard.edu,Male,57,85.91.181.191,France,Software Engineer
smBlY,Jules,Willford,jwillfordd@cdc.gov,Male,28,167.253.4.192,France,Administrative Officer
ZC8tu,Kevina,Napton,knaptone@geocities.com,Female,34,228.75.65.128,Ireland,Support Technician
43vVt,Duff,Frier,dfrierf@cam.ac.uk,Male,28,185.166.89.50,France,Web Developer
ZO3wA,Leona,Mealham,lmealhamg@businessweek.com,Female,58,39.99.12.81,Australia,Software Engineer
xeYIU,Zsazsa,Teece,zteeceh@narod.ru,Female,56,58.145.254.46,Ireland,Web Developer